email,password
loadtest0001@test.com,Password123!
loadtest0002@test.com,Password123!
loadtest0003@test.com,Password123!
loadtest0004@test.com,Password123!
loadtest0005@test.com,Password123!
loadtest0006@test.com,Password123!
loadtest0007@test.com,Password123!
loadtest0008@test.com,Password123!
loadtest0009@test.com,Password123!
loadtest0010@test.com,Password123!
loadtest0011@test.com,Password123!
loadtest0012@test.com,Password123!
loadtest0013@test.com,Password123!
loadtest0014@test.com,Password123!
loadtest0015@test.com,Password123!
loadtest0016@test.com,Password123!
loadtest0017@test.com,Password123!
loadtest0018@test.com,Password123!
loadtest0019@test.com,Password123!
loadtest0020@test.com,Password123!
loadtest0021@test.com,Password123!
loadtest0022@test.com,Password123!
loadtest0023@test.com,Password123!
loadtest0024@test.com,Password123!
loadtest0025@test.com,Password123!
loadtest0026@test.com,Password123!
loadtest0027@test.com,Password123!
loadtest0028@test.com,Password123!
loadtest0029@test.com,Password123!
loadtest0030@test.com,Password123!
loadtest0031@test.com,Password123!
loadtest0032@test.com,Password123!
loadtest0033@test.com,Password123!
loadtest0034@test.com,Password123!
loadtest0035@test.com,Password123!
loadtest0036@test.com,Password123!
loadtest0037@test.com,Password123!
loadtest0038@test.com,Password123!
loadtest0039@test.com,Password123!
loadtest0040@test.com,Password123!
loadtest0041@test.com,Password123!
loadtest0042@test.com,Password123!
loadtest0043@test.com,Password123!
loadtest0044@test.com,Password123!
loadtest0045@test.com,Password123!
loadtest0046@test.com,Password123!
loadtest0047@test.com,Password123!
loadtest0048@test.com,Password123!
loadtest0049@test.com,Password123!
loadtest0050@test.com,Password123!
loadtest0051@test.com,Password123!
loadtest0052@test.com,Password123!
loadtest0053@test.com,Password123!
loadtest0054@test.com,Password123!
loadtest0055@test.com,Password123!
loadtest0056@test.com,Password123!
loadtest0057@test.com,Password123!
loadtest0058@test.com,Password123!
loadtest0059@test.com,Password123!
loadtest0060@test.com,Password123!
loadtest0061@test.com,Password123!
loadtest0062@test.com,Password123!
loadtest0063@test.com,Password123!
loadtest0064@test.com,Password123!
loadtest0065@test.com,Password123!
loadtest0066@test.com,Password123!
loadtest0067@test.com,Password123!
loadtest0068@test.com,Password123!
loadtest0069@test.com,Password123!
loadtest0070@test.com,Password123!
loadtest0071@test.com,Password123!
loadtest0072@test.com,Password123!
loadtest0073@test.com,Password123!
loadtest0074@test.com,Password123!
loadtest0075@test.com,Password123!
loadtest0076@test.com,Password123!
loadtest0077@test.com,Password123!
loadtest0078@test.com,Password123!
loadtest0079@test.com,Password123!
loadtest0080@test.com,Password123!
loadtest0081@test.com,Password123!
loadtest0082@test.com,Password123!
loadtest0083@test.com,Password123!
loadtest0084@test.com,Password123!
loadtest0085@test.com,Password123!
loadtest0086@test.com,Password123!
loadtest0087@test.com,Password123!
loadtest0088@test.com,Password123!
loadtest0089@test.com,Password123!
loadtest0090@test.com,Password123!
loadtest0091@test.com,Password123!
loadtest0092@test.com,Password123!
loadtest0093@test.com,Password123!
loadtest0094@test.com,Password123!
loadtest0095@test.com,Password123!
loadtest0096@test.com,Password123!
loadtest0097@test.com,Password123!
loadtest0098@test.com,Password123!
loadtest0099@test.com,Password123!
loadtest0100@test.com,Password123!
loadtest0101@test.com,Password123!
loadtest0102@test.com,Password123!
loadtest0103@test.com,Password123!
loadtest0104@test.com,Password123!
loadtest0105@test.com,Password123!
loadtest0106@test.com,Password123!
loadtest0107@test.com,Password123!
loadtest0108@test.com,Password123!
loadtest0109@test.com,Password123!
loadtest0110@test.com,Password123!
loadtest0111@test.com,Password123!
loadtest0112@test.com,Password123!
loadtest0113@test.com,Password123!
loadtest0114@test.com,Password123!
loadtest0115@test.com,Password123!
loadtest0116@test.com,Password123!
loadtest0117@test.com,Password123!
loadtest0118@test.com,Password123!
loadtest0119@test.com,Password123!
loadtest0120@test.com,Password123!
loadtest0121@test.com,Password123!
loadtest0122@test.com,Password123!
loadtest0123@test.com,Password123!
loadtest0124@test.com,Password123!
loadtest0125@test.com,Password123!
loadtest0126@test.com,Password123!
loadtest0127@test.com,Password123!
loadtest0128@test.com,Password123!
loadtest0129@test.com,Password123!
loadtest0130@test.com,Password123!
loadtest0131@test.com,Password123!
loadtest0132@test.com,Password123!
loadtest0133@test.com,Password123!
loadtest0134@test.com,Password123!
loadtest0135@test.com,Password123!
loadtest0136@test.com,Password123!
loadtest0137@test.com,Password123!
loadtest0138@test.com,Password123!
loadtest0139@test.com,Password123!
loadtest0140@test.com,Password123!
loadtest0141@test.com,Password123!
loadtest0142@test.com,Password123!
loadtest0143@test.com,Password123!
loadtest0144@test.com,Password123!
loadtest0145@test.com,Password123!
loadtest0146@test.com,Password123!
loadtest0147@test.com,Password123!
loadtest0148@test.com,Password123!
loadtest0149@test.com,Password123!
loadtest0150@test.com,Password123!
loadtest0151@test.com,Password123!
loadtest0152@test.com,Password123!
loadtest0153@test.com,Password123!
loadtest0154@test.com,Password123!
loadtest0155@test.com,Password123!
loadtest0156@test.com,Password123!
loadtest0157@test.com,Password123!
loadtest0158@test.com,Password123!
loadtest0159@test.com,Password123!
loadtest0160@test.com,Password123!
loadtest0161@test.com,Password123!
loadtest0162@test.com,Password123!
loadtest0163@test.com,Password123!
loadtest0164@test.com,Password123!
loadtest0165@test.com,Password123!
loadtest0166@test.com,Password123!
loadtest0167@test.com,Password123!
loadtest0168@test.com,Password123!
loadtest0169@test.com,Password123!
loadtest0170@test.com,Password123!
loadtest0171@test.com,Password123!
loadtest0172@test.com,Password123!
loadtest0173@test.com,Password123!
loadtest0174@test.com,Password123!
loadtest0175@test.com,Password123!
loadtest0176@test.com,Password123!
loadtest0177@test.com,Password123!
loadtest0178@test.com,Password123!
loadtest0179@test.com,Password123!
loadtest0180@test.com,Password123!
loadtest0181@test.com,Password123!
loadtest0182@test.com,Password123!
loadtest0183@test.com,Password123!
loadtest0184@test.com,Password123!
loadtest0185@test.com,Password123!
loadtest0186@test.com,Password123!
loadtest0187@test.com,Password123!
loadtest0188@test.com,Password123!
loadtest0189@test.com,Password123!
loadtest0190@test.com,Password123!
loadtest0191@test.com,Password123!
loadtest0192@test.com,Password123!
loadtest0193@test.com,Password123!
loadtest0194@test.com,Password123!
loadtest0195@test.com,Password123!
loadtest0196@test.com,Password123!
loadtest0197@test.com,Password123!
loadtest0198@test.com,Password123!
loadtest0199@test.com,Password123!
loadtest0200@test.com,Password123!
loadtest0201@test.com,Password123!
loadtest0202@test.com,Password123!
loadtest0203@test.com,Password123!
loadtest0204@test.com,Password123!
loadtest0205@test.com,Password123!
loadtest0206@test.com,Password123!
loadtest0207@test.com,Password123!
loadtest0208@test.com,Password123!
loadtest0209@test.com,Password123!
loadtest0210@test.com,Password123!
loadtest0211@test.com,Password123!
loadtest0212@test.com,Password123!
loadtest0213@test.com,Password123!
loadtest0214@test.com,Password123!
loadtest0215@test.com,Password123!
loadtest0216@test.com,Password123!
loadtest0217@test.com,Password123!
loadtest0218@test.com,Password123!
loadtest0219@test.com,Password123!
loadtest0220@test.com,Password123!
loadtest0221@test.com,Password123!
loadtest0222@test.com,Password123!
loadtest0223@test.com,Password123!
loadtest0224@test.com,Password123!
loadtest0225@test.com,Password123!
loadtest0226@test.com,Password123!
loadtest0227@test.com,Password123!
loadtest0228@test.com,Password123!
loadtest0229@test.com,Password123!
loadtest0230@test.com,Password123!
loadtest0231@test.com,Password123!
loadtest0232@test.com,Password123!
loadtest0233@test.com,Password123!
loadtest0234@test.com,Password123!
loadtest0235@test.com,Password123!
loadtest0236@test.com,Password123!
loadtest0237@test.com,Password123!
loadtest0238@test.com,Password123!
loadtest0239@test.com,Password123!
loadtest0240@test.com,Password123!
loadtest0241@test.com,Password123!
loadtest0242@test.com,Password123!
loadtest0243@test.com,Password123!
loadtest0244@test.com,Password123!
loadtest0245@test.com,Password123!
loadtest0246@test.com,Password123!
loadtest0247@test.com,Password123!
loadtest0248@test.com,Password123!
loadtest0249@test.com,Password123!
loadtest0250@test.com,Password123!
loadtest0251@test.com,Password123!
loadtest0252@test.com,Password123!
loadtest0253@test.com,Password123!
loadtest0254@test.com,Password123!
loadtest0255@test.com,Password123!
loadtest0256@test.com,Password123!
loadtest0257@test.com,Password123!
loadtest0258@test.com,Password123!
loadtest0259@test.com,Password123!
loadtest0260@test.com,Password123!
loadtest0261@test.com,Password123!
loadtest0262@test.com,Password123!
loadtest0263@test.com,Password123!
loadtest0264@test.com,Password123!
loadtest0265@test.com,Password123!
loadtest0266@test.com,Password123!
loadtest0267@test.com,Password123!
loadtest0268@test.com,Password123!
loadtest0269@test.com,Password123!
loadtest0270@test.com,Password123!
loadtest0271@test.com,Password123!
loadtest0272@test.com,Password123!
loadtest0273@test.com,Password123!
loadtest0274@test.com,Password123!
loadtest0275@test.com,Password123!
loadtest0276@test.com,Password123!
loadtest0277@test.com,Password123!
loadtest0278@test.com,Password123!
loadtest0279@test.com,Password123!
loadtest0280@test.com,Password123!
loadtest0281@test.com,Password123!
loadtest0282@test.com,Password123!
loadtest0283@test.com,Password123!
loadtest0284@test.com,Password123!
loadtest0285@test.com,Password123!
loadtest0286@test.com,Password123!
loadtest0287@test.com,Password123!
loadtest0288@test.com,Password123!
loadtest0289@test.com,Password123!
loadtest0290@test.com,Password123!
loadtest0291@test.com,Password123!
loadtest0292@test.com,Password123!
loadtest0293@test.com,Password123!
loadtest0294@test.com,Password123!
loadtest0295@test.com,Password123!
loadtest0296@test.com,Password123!
loadtest0297@test.com,Password123!
loadtest0298@test.com,Password123!
loadtest0299@test.com,Password123!
loadtest0300@test.com,Password123!
loadtest0301@test.com,Password123!
loadtest0302@test.com,Password123!
loadtest0303@test.com,Password123!
loadtest0304@test.com,Password123!
loadtest0305@test.com,Password123!
loadtest0306@test.com,Password123!
loadtest0307@test.com,Password123!
loadtest0308@test.com,Password123!
loadtest0309@test.com,Password123!
loadtest0310@test.com,Password123!
loadtest0311@test.com,Password123!
loadtest0312@test.com,Password123!
loadtest0313@test.com,Password123!
loadtest0314@test.com,Password123!
loadtest0315@test.com,Password123!
loadtest0316@test.com,Password123!
loadtest0317@test.com,Password123!
loadtest0318@test.com,Password123!
loadtest0319@test.com,Password123!
loadtest0320@test.com,Password123!
loadtest0321@test.com,Password123!
loadtest0322@test.com,Password123!
loadtest0323@test.com,Password123!
loadtest0324@test.com,Password123!
loadtest0325@test.com,Password123!
loadtest0326@test.com,Password123!
loadtest0327@test.com,Password123!
loadtest0328@test.com,Password123!
loadtest0329@test.com,Password123!
loadtest0330@test.com,Password123!
loadtest0331@test.com,Password123!
loadtest0332@test.com,Password123!
loadtest0333@test.com,Password123!
loadtest0334@test.com,Password123!
loadtest0335@test.com,Password123!
loadtest0336@test.com,Password123!
loadtest0337@test.com,Password123!
loadtest0338@test.com,Password123!
loadtest0339@test.com,Password123!
loadtest0340@test.com,Password123!
loadtest0341@test.com,Password123!
loadtest0342@test.com,Password123!
loadtest0343@test.com,Password123!
loadtest0344@test.com,Password123!
loadtest0345@test.com,Password123!
loadtest0346@test.com,Password123!
loadtest0347@test.com,Password123!
loadtest0348@test.com,Password123!
loadtest0349@test.com,Password123!
loadtest0350@test.com,Password123!
loadtest0351@test.com,Password123!
loadtest0352@test.com,Password123!
loadtest0353@test.com,Password123!
loadtest0354@test.com,Password123!
loadtest0355@test.com,Password123!
loadtest0356@test.com,Password123!
loadtest0357@test.com,Password123!
loadtest0358@test.com,Password123!
loadtest0359@test.com,Password123!
loadtest0360@test.com,Password123!
loadtest0361@test.com,Password123!
loadtest0362@test.com,Password123!
loadtest0363@test.com,Password123!
loadtest0364@test.com,Password123!
loadtest0365@test.com,Password123!
loadtest0366@test.com,Password123!
loadtest0367@test.com,Password123!
loadtest0368@test.com,Password123!
loadtest0369@test.com,Password123!
loadtest0370@test.com,Password123!
loadtest0371@test.com,Password123!
loadtest0372@test.com,Password123!
loadtest0373@test.com,Password123!
loadtest0374@test.com,Password123!
loadtest0375@test.com,Password123!
loadtest0376@test.com,Password123!
loadtest0377@test.com,Password123!
loadtest0378@test.com,Password123!
loadtest0379@test.com,Password123!
loadtest0380@test.com,Password123!
loadtest0381@test.com,Password123!
loadtest0382@test.com,Password123!
loadtest0383@test.com,Password123!
loadtest0384@test.com,Password123!
loadtest0385@test.com,Password123!
loadtest0386@test.com,Password123!
loadtest0387@test.com,Password123!
loadtest0388@test.com,Password123!
loadtest0389@test.com,Password123!
loadtest0390@test.com,Password123!
loadtest0391@test.com,Password123!
loadtest0392@test.com,Password123!
loadtest0393@test.com,Password123!
loadtest0394@test.com,Password123!
loadtest0395@test.com,Password123!
loadtest0396@test.com,Password123!
loadtest0397@test.com,Password123!
loadtest0398@test.com,Password123!
loadtest0399@test.com,Password123!
loadtest0400@test.com,Password123!
loadtest0401@test.com,Password123!
loadtest0402@test.com,Password123!
loadtest0403@test.com,Password123!
loadtest0404@test.com,Password123!
loadtest0405@test.com,Password123!
loadtest0406@test.com,Password123!
loadtest0407@test.com,Password123!
loadtest0408@test.com,Password123!
loadtest0409@test.com,Password123!
loadtest0410@test.com,Password123!
loadtest0411@test.com,Password123!
loadtest0412@test.com,Password123!
loadtest0413@test.com,Password123!
loadtest0414@test.com,Password123!
loadtest0415@test.com,Password123!
loadtest0416@test.com,Password123!
loadtest0417@test.com,Password123!
loadtest0418@test.com,Password123!
loadtest0419@test.com,Password123!
loadtest0420@test.com,Password123!
loadtest0421@test.com,Password123!
loadtest0422@test.com,Password123!
loadtest0423@test.com,Password123!
loadtest0424@test.com,Password123!
loadtest0425@test.com,Password123!
loadtest0426@test.com,Password123!
loadtest0427@test.com,Password123!
loadtest0428@test.com,Password123!
loadtest0429@test.com,Password123!
loadtest0430@test.com,Password123!
loadtest0431@test.com,Password123!
loadtest0432@test.com,Password123!
loadtest0433@test.com,Password123!
loadtest0434@test.com,Password123!
loadtest0435@test.com,Password123!
loadtest0436@test.com,Password123!
loadtest0437@test.com,Password123!
loadtest0438@test.com,Password123!
loadtest0439@test.com,Password123!
loadtest0440@test.com,Password123!
loadtest0441@test.com,Password123!
loadtest0442@test.com,Password123!
loadtest0443@test.com,Password123!
loadtest0444@test.com,Password123!
loadtest0445@test.com,Password123!
loadtest0446@test.com,Password123!
loadtest0447@test.com,Password123!
loadtest0448@test.com,Password123!
loadtest0449@test.com,Password123!
loadtest0450@test.com,Password123!
loadtest0451@test.com,Password123!
loadtest0452@test.com,Password123!
loadtest0453@test.com,Password123!
loadtest0454@test.com,Password123!
loadtest0455@test.com,Password123!
loadtest0456@test.com,Password123!
loadtest0457@test.com,Password123!
loadtest0458@test.com,Password123!
loadtest0459@test.com,Password123!
loadtest0460@test.com,Password123!
loadtest0461@test.com,Password123!
loadtest0462@test.com,Password123!
loadtest0463@test.com,Password123!
loadtest0464@test.com,Password123!
loadtest0465@test.com,Password123!
loadtest0466@test.com,Password123!
loadtest0467@test.com,Password123!
loadtest0468@test.com,Password123!
loadtest0469@test.com,Password123!
loadtest0470@test.com,Password123!
loadtest0471@test.com,Password123!
loadtest0472@test.com,Password123!
loadtest0473@test.com,Password123!
loadtest0474@test.com,Password123!
loadtest0475@test.com,Password123!
loadtest0476@test.com,Password123!
loadtest0477@test.com,Password123!
loadtest0478@test.com,Password123!
loadtest0479@test.com,Password123!
loadtest0480@test.com,Password123!
loadtest0481@test.com,Password123!
loadtest0482@test.com,Password123!
loadtest0483@test.com,Password123!
loadtest0484@test.com,Password123!
loadtest0485@test.com,Password123!
loadtest0486@test.com,Password123!
loadtest0487@test.com,Password123!
loadtest0488@test.com,Password123!
loadtest0489@test.com,Password123!
loadtest0490@test.com,Password123!
loadtest0491@test.com,Password123!
loadtest0492@test.com,Password123!
loadtest0493@test.com,Password123!
loadtest0494@test.com,Password123!
loadtest0495@test.com,Password123!
loadtest0496@test.com,Password123!
loadtest0497@test.com,Password123!
loadtest0498@test.com,Password123!
loadtest0499@test.com,Password123!
loadtest0500@test.com,Password123!
loadtest0501@test.com,Password123!
loadtest0502@test.com,Password123!
loadtest0503@test.com,Password123!
loadtest0504@test.com,Password123!
loadtest0505@test.com,Password123!
loadtest0506@test.com,Password123!
loadtest0507@test.com,Password123!
loadtest0508@test.com,Password123!
loadtest0509@test.com,Password123!
loadtest0510@test.com,Password123!
loadtest0511@test.com,Password123!
loadtest0512@test.com,Password123!
loadtest0513@test.com,Password123!
loadtest0514@test.com,Password123!
loadtest0515@test.com,Password123!
loadtest0516@test.com,Password123!
loadtest0517@test.com,Password123!
loadtest0518@test.com,Password123!
loadtest0519@test.com,Password123!
loadtest0520@test.com,Password123!
loadtest0521@test.com,Password123!
loadtest0522@test.com,Password123!
loadtest0523@test.com,Password123!
loadtest0524@test.com,Password123!
loadtest0525@test.com,Password123!
loadtest0526@test.com,Password123!
loadtest0527@test.com,Password123!
loadtest0528@test.com,Password123!
loadtest0529@test.com,Password123!
loadtest0530@test.com,Password123!
loadtest0531@test.com,Password123!
loadtest0532@test.com,Password123!
loadtest0533@test.com,Password123!
loadtest0534@test.com,Password123!
loadtest0535@test.com,Password123!
loadtest0536@test.com,Password123!
loadtest0537@test.com,Password123!
loadtest0538@test.com,Password123!
loadtest0539@test.com,Password123!
loadtest0540@test.com,Password123!
loadtest0541@test.com,Password123!
loadtest0542@test.com,Password123!
loadtest0543@test.com,Password123!
loadtest0544@test.com,Password123!
loadtest0545@test.com,Password123!
loadtest0546@test.com,Password123!
loadtest0547@test.com,Password123!
loadtest0548@test.com,Password123!
loadtest0549@test.com,Password123!
loadtest0550@test.com,Password123!
loadtest0551@test.com,Password123!
loadtest0552@test.com,Password123!
loadtest0553@test.com,Password123!
loadtest0554@test.com,Password123!
loadtest0555@test.com,Password123!
loadtest0556@test.com,Password123!
loadtest0557@test.com,Password123!
loadtest0558@test.com,Password123!
loadtest0559@test.com,Password123!
loadtest0560@test.com,Password123!
loadtest0561@test.com,Password123!
loadtest0562@test.com,Password123!
loadtest0563@test.com,Password123!
loadtest0564@test.com,Password123!
loadtest0565@test.com,Password123!
loadtest0566@test.com,Password123!
loadtest0567@test.com,Password123!
loadtest0568@test.com,Password123!
loadtest0569@test.com,Password123!
loadtest0570@test.com,Password123!
loadtest0571@test.com,Password123!
loadtest0572@test.com,Password123!
loadtest0573@test.com,Password123!
loadtest0574@test.com,Password123!
loadtest0575@test.com,Password123!
loadtest0576@test.com,Password123!
loadtest0577@test.com,Password123!
loadtest0578@test.com,Password123!
loadtest0579@test.com,Password123!
loadtest0580@test.com,Password123!
loadtest0581@test.com,Password123!
loadtest0582@test.com,Password123!
loadtest0583@test.com,Password123!
loadtest0584@test.com,Password123!
loadtest0585@test.com,Password123!
loadtest0586@test.com,Password123!
loadtest0587@test.com,Password123!
loadtest0588@test.com,Password123!
loadtest0589@test.com,Password123!
loadtest0590@test.com,Password123!
loadtest0591@test.com,Password123!
loadtest0592@test.com,Password123!
loadtest0593@test.com,Password123!
loadtest0594@test.com,Password123!
loadtest0595@test.com,Password123!
loadtest0596@test.com,Password123!
loadtest0597@test.com,Password123!
loadtest0598@test.com,Password123!
loadtest0599@test.com,Password123!
loadtest0600@test.com,Password123!
loadtest0601@test.com,Password123!
loadtest0602@test.com,Password123!
loadtest0603@test.com,Password123!
loadtest0604@test.com,Password123!
loadtest0605@test.com,Password123!
loadtest0606@test.com,Password123!
loadtest0607@test.com,Password123!
loadtest0608@test.com,Password123!
loadtest0609@test.com,Password123!
loadtest0610@test.com,Password123!
loadtest0611@test.com,Password123!
loadtest0612@test.com,Password123!
loadtest0613@test.com,Password123!
loadtest0614@test.com,Password123!
loadtest0615@test.com,Password123!
loadtest0616@test.com,Password123!
loadtest0617@test.com,Password123!
loadtest0618@test.com,Password123!
loadtest0619@test.com,Password123!
loadtest0620@test.com,Password123!
loadtest0621@test.com,Password123!
loadtest0622@test.com,Password123!
loadtest0623@test.com,Password123!
loadtest0624@test.com,Password123!
loadtest0625@test.com,Password123!
loadtest0626@test.com,Password123!
loadtest0627@test.com,Password123!
loadtest0628@test.com,Password123!
loadtest0629@test.com,Password123!
loadtest0630@test.com,Password123!
loadtest0631@test.com,Password123!
loadtest0632@test.com,Password123!
loadtest0633@test.com,Password123!
loadtest0634@test.com,Password123!
loadtest0635@test.com,Password123!
loadtest0636@test.com,Password123!
loadtest0637@test.com,Password123!
loadtest0638@test.com,Password123!
loadtest0639@test.com,Password123!
loadtest0640@test.com,Password123!
loadtest0641@test.com,Password123!
loadtest0642@test.com,Password123!
loadtest0643@test.com,Password123!
loadtest0644@test.com,Password123!
loadtest0645@test.com,Password123!
loadtest0646@test.com,Password123!
loadtest0647@test.com,Password123!
loadtest0648@test.com,Password123!
loadtest0649@test.com,Password123!
loadtest0650@test.com,Password123!
loadtest0651@test.com,Password123!
loadtest0652@test.com,Password123!
loadtest0653@test.com,Password123!
loadtest0654@test.com,Password123!
loadtest0655@test.com,Password123!
loadtest0656@test.com,Password123!
loadtest0657@test.com,Password123!
loadtest0658@test.com,Password123!
loadtest0659@test.com,Password123!
loadtest0660@test.com,Password123!
loadtest0661@test.com,Password123!
loadtest0662@test.com,Password123!
loadtest0663@test.com,Password123!
loadtest0664@test.com,Password123!
loadtest0665@test.com,Password123!
loadtest0666@test.com,Password123!
loadtest0667@test.com,Password123!
loadtest0668@test.com,Password123!
loadtest0669@test.com,Password123!
loadtest0670@test.com,Password123!
loadtest0671@test.com,Password123!
loadtest0672@test.com,Password123!
loadtest0673@test.com,Password123!
loadtest0674@test.com,Password123!
loadtest0675@test.com,Password123!
loadtest0676@test.com,Password123!
loadtest0677@test.com,Password123!
loadtest0678@test.com,Password123!
loadtest0679@test.com,Password123!
loadtest0680@test.com,Password123!
loadtest0681@test.com,Password123!
loadtest0682@test.com,Password123!
loadtest0683@test.com,Password123!
loadtest0684@test.com,Password123!
loadtest0685@test.com,Password123!
loadtest0686@test.com,Password123!
loadtest0687@test.com,Password123!
loadtest0688@test.com,Password123!
loadtest0689@test.com,Password123!
loadtest0690@test.com,Password123!
loadtest0691@test.com,Password123!
loadtest0692@test.com,Password123!
loadtest0693@test.com,Password123!
loadtest0694@test.com,Password123!
loadtest0695@test.com,Password123!
loadtest0696@test.com,Password123!
loadtest0697@test.com,Password123!
loadtest0698@test.com,Password123!
loadtest0699@test.com,Password123!
loadtest0700@test.com,Password123!
loadtest0701@test.com,Password123!
loadtest0702@test.com,Password123!
loadtest0703@test.com,Password123!
loadtest0704@test.com,Password123!
loadtest0705@test.com,Password123!
loadtest0706@test.com,Password123!
loadtest0707@test.com,Password123!
loadtest0708@test.com,Password123!
loadtest0709@test.com,Password123!
loadtest0710@test.com,Password123!
loadtest0711@test.com,Password123!
loadtest0712@test.com,Password123!
loadtest0713@test.com,Password123!
loadtest0714@test.com,Password123!
loadtest0715@test.com,Password123!
loadtest0716@test.com,Password123!
loadtest0717@test.com,Password123!
loadtest0718@test.com,Password123!
loadtest0719@test.com,Password123!
loadtest0720@test.com,Password123!
loadtest0721@test.com,Password123!
loadtest0722@test.com,Password123!
loadtest0723@test.com,Password123!
loadtest0724@test.com,Password123!
loadtest0725@test.com,Password123!
loadtest0726@test.com,Password123!
loadtest0727@test.com,Password123!
loadtest0728@test.com,Password123!
loadtest0729@test.com,Password123!
loadtest0730@test.com,Password123!
loadtest0731@test.com,Password123!
loadtest0732@test.com,Password123!
loadtest0733@test.com,Password123!
loadtest0734@test.com,Password123!
loadtest0735@test.com,Password123!
loadtest0736@test.com,Password123!
loadtest0737@test.com,Password123!
loadtest0738@test.com,Password123!
loadtest0739@test.com,Password123!
loadtest0740@test.com,Password123!
loadtest0741@test.com,Password123!
loadtest0742@test.com,Password123!
loadtest0743@test.com,Password123!
loadtest0744@test.com,Password123!
loadtest0745@test.com,Password123!
loadtest0746@test.com,Password123!
loadtest0747@test.com,Password123!
loadtest0748@test.com,Password123!
loadtest0749@test.com,Password123!
loadtest0750@test.com,Password123!
loadtest0751@test.com,Password123!
loadtest0752@test.com,Password123!
loadtest0753@test.com,Password123!
loadtest0754@test.com,Password123!
loadtest0755@test.com,Password123!
loadtest0756@test.com,Password123!
loadtest0757@test.com,Password123!
loadtest0758@test.com,Password123!
loadtest0759@test.com,Password123!
loadtest0760@test.com,Password123!
loadtest0761@test.com,Password123!
loadtest0762@test.com,Password123!
loadtest0763@test.com,Password123!
loadtest0764@test.com,Password123!
loadtest0765@test.com,Password123!
loadtest0766@test.com,Password123!
loadtest0767@test.com,Password123!
loadtest0768@test.com,Password123!
loadtest0769@test.com,Password123!
loadtest0770@test.com,Password123!
loadtest0771@test.com,Password123!
loadtest0772@test.com,Password123!
loadtest0773@test.com,Password123!
loadtest0774@test.com,Password123!
loadtest0775@test.com,Password123!
loadtest0776@test.com,Password123!
loadtest0777@test.com,Password123!
loadtest0778@test.com,Password123!
loadtest0779@test.com,Password123!
loadtest0780@test.com,Password123!
loadtest0781@test.com,Password123!
loadtest0782@test.com,Password123!
loadtest0783@test.com,Password123!
loadtest0784@test.com,Password123!
loadtest0785@test.com,Password123!
loadtest0786@test.com,Password123!
loadtest0787@test.com,Password123!
loadtest0788@test.com,Password123!
loadtest0789@test.com,Password123!
loadtest0790@test.com,Password123!
loadtest0791@test.com,Password123!
loadtest0792@test.com,Password123!
loadtest0793@test.com,Password123!
loadtest0794@test.com,Password123!
loadtest0795@test.com,Password123!
loadtest0796@test.com,Password123!
loadtest0797@test.com,Password123!
loadtest0798@test.com,Password123!
loadtest0799@test.com,Password123!
loadtest0800@test.com,Password123!
loadtest0801@test.com,Password123!
loadtest0802@test.com,Password123!
loadtest0803@test.com,Password123!
loadtest0804@test.com,Password123!
loadtest0805@test.com,Password123!
loadtest0806@test.com,Password123!
loadtest0807@test.com,Password123!
loadtest0808@test.com,Password123!
loadtest0809@test.com,Password123!
loadtest0810@test.com,Password123!
loadtest0811@test.com,Password123!
loadtest0812@test.com,Password123!
loadtest0813@test.com,Password123!
loadtest0814@test.com,Password123!
loadtest0815@test.com,Password123!
loadtest0816@test.com,Password123!
loadtest0817@test.com,Password123!
loadtest0818@test.com,Password123!
loadtest0819@test.com,Password123!
loadtest0820@test.com,Password123!
loadtest0821@test.com,Password123!
loadtest0822@test.com,Password123!
loadtest0823@test.com,Password123!
loadtest0824@test.com,Password123!
loadtest0825@test.com,Password123!
loadtest0826@test.com,Password123!
loadtest0827@test.com,Password123!
loadtest0828@test.com,Password123!
loadtest0829@test.com,Password123!
loadtest0830@test.com,Password123!
loadtest0831@test.com,Password123!
loadtest0832@test.com,Password123!
loadtest0833@test.com,Password123!
loadtest0834@test.com,Password123!
loadtest0835@test.com,Password123!
loadtest0836@test.com,Password123!
loadtest0837@test.com,Password123!
loadtest0838@test.com,Password123!
loadtest0839@test.com,Password123!
loadtest0840@test.com,Password123!
loadtest0841@test.com,Password123!
loadtest0842@test.com,Password123!
loadtest0843@test.com,Password123!
loadtest0844@test.com,Password123!
loadtest0845@test.com,Password123!
loadtest0846@test.com,Password123!
loadtest0847@test.com,Password123!
loadtest0848@test.com,Password123!
loadtest0849@test.com,Password123!
loadtest0850@test.com,Password123!
loadtest0851@test.com,Password123!
loadtest0852@test.com,Password123!
loadtest0853@test.com,Password123!
loadtest0854@test.com,Password123!
loadtest0855@test.com,Password123!
loadtest0856@test.com,Password123!
loadtest0857@test.com,Password123!
loadtest0858@test.com,Password123!
loadtest0859@test.com,Password123!
loadtest0860@test.com,Password123!
loadtest0861@test.com,Password123!
loadtest0862@test.com,Password123!
loadtest0863@test.com,Password123!
loadtest0864@test.com,Password123!
loadtest0865@test.com,Password123!
loadtest0866@test.com,Password123!
loadtest0867@test.com,Password123!
loadtest0868@test.com,Password123!
loadtest0869@test.com,Password123!
loadtest0870@test.com,Password123!
loadtest0871@test.com,Password123!
loadtest0872@test.com,Password123!
loadtest0873@test.com,Password123!
loadtest0874@test.com,Password123!
loadtest0875@test.com,Password123!
loadtest0876@test.com,Password123!
loadtest0877@test.com,Password123!
loadtest0878@test.com,Password123!
loadtest0879@test.com,Password123!
loadtest0880@test.com,Password123!
loadtest0881@test.com,Password123!
loadtest0882@test.com,Password123!
loadtest0883@test.com,Password123!
loadtest0884@test.com,Password123!
loadtest0885@test.com,Password123!
loadtest0886@test.com,Password123!
loadtest0887@test.com,Password123!
loadtest0888@test.com,Password123!
loadtest0889@test.com,Password123!
loadtest0890@test.com,Password123!
loadtest0891@test.com,Password123!
loadtest0892@test.com,Password123!
loadtest0893@test.com,Password123!
loadtest0894@test.com,Password123!
loadtest0895@test.com,Password123!
loadtest0896@test.com,Password123!
loadtest0897@test.com,Password123!
loadtest0898@test.com,Password123!
loadtest0899@test.com,Password123!
loadtest0900@test.com,Password123!
loadtest0901@test.com,Password123!
loadtest0902@test.com,Password123!
loadtest0903@test.com,Password123!
loadtest0904@test.com,Password123!
loadtest0905@test.com,Password123!
loadtest0906@test.com,Password123!
loadtest0907@test.com,Password123!
loadtest0908@test.com,Password123!
loadtest0909@test.com,Password123!
loadtest0910@test.com,Password123!
loadtest0911@test.com,Password123!
loadtest0912@test.com,Password123!
loadtest0913@test.com,Password123!
loadtest0914@test.com,Password123!
loadtest0915@test.com,Password123!
loadtest0916@test.com,Password123!
loadtest0917@test.com,Password123!
loadtest0918@test.com,Password123!
loadtest0919@test.com,Password123!
loadtest0920@test.com,Password123!
loadtest0921@test.com,Password123!
loadtest0922@test.com,Password123!
loadtest0923@test.com,Password123!
loadtest0924@test.com,Password123!
loadtest0925@test.com,Password123!
loadtest0926@test.com,Password123!
loadtest0927@test.com,Password123!
loadtest0928@test.com,Password123!
loadtest0929@test.com,Password123!
loadtest0930@test.com,Password123!
loadtest0931@test.com,Password123!
loadtest0932@test.com,Password123!
loadtest0933@test.com,Password123!
loadtest0934@test.com,Password123!
loadtest0935@test.com,Password123!
loadtest0936@test.com,Password123!
loadtest0937@test.com,Password123!
loadtest0938@test.com,Password123!
loadtest0939@test.com,Password123!
loadtest0940@test.com,Password123!
loadtest0941@test.com,Password123!
loadtest0942@test.com,Password123!
loadtest0943@test.com,Password123!
loadtest0944@test.com,Password123!
loadtest0945@test.com,Password123!
loadtest0946@test.com,Password123!
loadtest0947@test.com,Password123!
loadtest0948@test.com,Password123!
loadtest0949@test.com,Password123!
loadtest0950@test.com,Password123!
loadtest0951@test.com,Password123!
loadtest0952@test.com,Password123!
loadtest0953@test.com,Password123!
loadtest0954@test.com,Password123!
loadtest0955@test.com,Password123!
loadtest0956@test.com,Password123!
loadtest0957@test.com,Password123!
loadtest0958@test.com,Password123!
loadtest0959@test.com,Password123!
loadtest0960@test.com,Password123!
loadtest0961@test.com,Password123!
loadtest0962@test.com,Password123!
loadtest0963@test.com,Password123!
loadtest0964@test.com,Password123!
loadtest0965@test.com,Password123!
loadtest0966@test.com,Password123!
loadtest0967@test.com,Password123!
loadtest0968@test.com,Password123!
loadtest0969@test.com,Password123!
loadtest0970@test.com,Password123!
loadtest0971@test.com,Password123!
loadtest0972@test.com,Password123!
loadtest0973@test.com,Password123!
loadtest0974@test.com,Password123!
loadtest0975@test.com,Password123!
loadtest0976@test.com,Password123!
loadtest0977@test.com,Password123!
loadtest0978@test.com,Password123!
loadtest0979@test.com,Password123!
loadtest0980@test.com,Password123!
loadtest0981@test.com,Password123!
loadtest0982@test.com,Password123!
loadtest0983@test.com,Password123!
loadtest0984@test.com,Password123!
loadtest0985@test.com,Password123!
loadtest0986@test.com,Password123!
loadtest0987@test.com,Password123!
loadtest0988@test.com,Password123!
loadtest0989@test.com,Password123!
loadtest0990@test.com,Password123!
loadtest0991@test.com,Password123!
loadtest0992@test.com,Password123!
loadtest0993@test.com,Password123!
loadtest0994@test.com,Password123!
loadtest0995@test.com,Password123!
loadtest0996@test.com,Password123!
loadtest0997@test.com,Password123!
loadtest0998@test.com,Password123!
loadtest0999@test.com,Password123!
loadtest1000@test.com,Password123!
loadtest1001@test.com,Password123!
loadtest1002@test.com,Password123!
loadtest1003@test.com,Password123!
loadtest1004@test.com,Password123!
loadtest1005@test.com,Password123!
loadtest1006@test.com,Password123!
loadtest1007@test.com,Password123!
loadtest1008@test.com,Password123!
loadtest1009@test.com,Password123!
loadtest1010@test.com,Password123!
loadtest1011@test.com,Password123!
loadtest1012@test.com,Password123!
loadtest1013@test.com,Password123!
loadtest1014@test.com,Password123!
loadtest1015@test.com,Password123!
loadtest1016@test.com,Password123!
loadtest1017@test.com,Password123!
loadtest1018@test.com,Password123!
loadtest1019@test.com,Password123!
loadtest1020@test.com,Password123!
loadtest1021@test.com,Password123!
loadtest1022@test.com,Password123!
loadtest1023@test.com,Password123!
loadtest1024@test.com,Password123!
loadtest1025@test.com,Password123!
loadtest1026@test.com,Password123!
loadtest1027@test.com,Password123!
loadtest1028@test.com,Password123!
loadtest1029@test.com,Password123!
loadtest1030@test.com,Password123!
loadtest1031@test.com,Password123!
loadtest1032@test.com,Password123!
loadtest1033@test.com,Password123!
loadtest1034@test.com,Password123!
loadtest1035@test.com,Password123!
loadtest1036@test.com,Password123!
loadtest1037@test.com,Password123!
loadtest1038@test.com,Password123!
loadtest1039@test.com,Password123!
loadtest1040@test.com,Password123!
loadtest1041@test.com,Password123!
loadtest1042@test.com,Password123!
loadtest1043@test.com,Password123!
loadtest1044@test.com,Password123!
loadtest1045@test.com,Password123!
loadtest1046@test.com,Password123!
loadtest1047@test.com,Password123!
loadtest1048@test.com,Password123!
loadtest1049@test.com,Password123!
loadtest1050@test.com,Password123!
loadtest1051@test.com,Password123!
loadtest1052@test.com,Password123!
loadtest1053@test.com,Password123!
loadtest1054@test.com,Password123!
loadtest1055@test.com,Password123!
loadtest1056@test.com,Password123!
loadtest1057@test.com,Password123!
loadtest1058@test.com,Password123!
loadtest1059@test.com,Password123!
loadtest1060@test.com,Password123!
loadtest1061@test.com,Password123!
loadtest1062@test.com,Password123!
loadtest1063@test.com,Password123!
loadtest1064@test.com,Password123!
loadtest1065@test.com,Password123!
loadtest1066@test.com,Password123!
loadtest1067@test.com,Password123!
loadtest1068@test.com,Password123!
loadtest1069@test.com,Password123!
loadtest1070@test.com,Password123!
loadtest1071@test.com,Password123!
loadtest1072@test.com,Password123!
loadtest1073@test.com,Password123!
loadtest1074@test.com,Password123!
loadtest1075@test.com,Password123!
loadtest1076@test.com,Password123!
loadtest1077@test.com,Password123!
loadtest1078@test.com,Password123!
loadtest1079@test.com,Password123!
loadtest1080@test.com,Password123!
loadtest1081@test.com,Password123!
loadtest1082@test.com,Password123!
loadtest1083@test.com,Password123!
loadtest1084@test.com,Password123!
loadtest1085@test.com,Password123!
loadtest1086@test.com,Password123!
loadtest1087@test.com,Password123!
loadtest1088@test.com,Password123!
loadtest1089@test.com,Password123!
loadtest1090@test.com,Password123!
loadtest1091@test.com,Password123!
loadtest1092@test.com,Password123!
loadtest1093@test.com,Password123!
loadtest1094@test.com,Password123!
loadtest1095@test.com,Password123!
loadtest1096@test.com,Password123!
loadtest1097@test.com,Password123!
loadtest1098@test.com,Password123!
loadtest1099@test.com,Password123!
loadtest1100@test.com,Password123!
loadtest1101@test.com,Password123!
loadtest1102@test.com,Password123!
loadtest1103@test.com,Password123!
loadtest1104@test.com,Password123!
loadtest1105@test.com,Password123!
loadtest1106@test.com,Password123!
loadtest1107@test.com,Password123!
loadtest1108@test.com,Password123!
loadtest1109@test.com,Password123!
loadtest1110@test.com,Password123!
loadtest1111@test.com,Password123!
loadtest1112@test.com,Password123!
loadtest1113@test.com,Password123!
loadtest1114@test.com,Password123!
loadtest1115@test.com,Password123!
loadtest1116@test.com,Password123!
loadtest1117@test.com,Password123!
loadtest1118@test.com,Password123!
loadtest1119@test.com,Password123!
loadtest1120@test.com,Password123!
loadtest1121@test.com,Password123!
loadtest1122@test.com,Password123!
loadtest1123@test.com,Password123!
loadtest1124@test.com,Password123!
loadtest1125@test.com,Password123!
loadtest1126@test.com,Password123!
loadtest1127@test.com,Password123!
loadtest1128@test.com,Password123!
loadtest1129@test.com,Password123!
loadtest1130@test.com,Password123!
loadtest1131@test.com,Password123!
loadtest1132@test.com,Password123!
loadtest1133@test.com,Password123!
loadtest1134@test.com,Password123!
loadtest1135@test.com,Password123!
loadtest1136@test.com,Password123!
loadtest1137@test.com,Password123!
loadtest1138@test.com,Password123!
loadtest1139@test.com,Password123!
loadtest1140@test.com,Password123!
loadtest1141@test.com,Password123!
loadtest1142@test.com,Password123!
loadtest1143@test.com,Password123!
loadtest1144@test.com,Password123!
loadtest1145@test.com,Password123!
loadtest1146@test.com,Password123!
loadtest1147@test.com,Password123!
loadtest1148@test.com,Password123!
loadtest1149@test.com,Password123!
loadtest1150@test.com,Password123!
loadtest1151@test.com,Password123!
loadtest1152@test.com,Password123!
loadtest1153@test.com,Password123!
loadtest1154@test.com,Password123!
loadtest1155@test.com,Password123!
loadtest1156@test.com,Password123!
loadtest1157@test.com,Password123!
loadtest1158@test.com,Password123!
loadtest1159@test.com,Password123!
loadtest1160@test.com,Password123!
loadtest1161@test.com,Password123!
loadtest1162@test.com,Password123!
loadtest1163@test.com,Password123!
loadtest1164@test.com,Password123!
loadtest1165@test.com,Password123!
loadtest1166@test.com,Password123!
loadtest1167@test.com,Password123!
loadtest1168@test.com,Password123!
loadtest1169@test.com,Password123!
loadtest1170@test.com,Password123!
loadtest1171@test.com,Password123!
loadtest1172@test.com,Password123!
loadtest1173@test.com,Password123!
loadtest1174@test.com,Password123!
loadtest1175@test.com,Password123!
loadtest1176@test.com,Password123!
loadtest1177@test.com,Password123!
loadtest1178@test.com,Password123!
loadtest1179@test.com,Password123!
loadtest1180@test.com,Password123!
loadtest1181@test.com,Password123!
loadtest1182@test.com,Password123!
loadtest1183@test.com,Password123!
loadtest1184@test.com,Password123!
loadtest1185@test.com,Password123!
loadtest1186@test.com,Password123!
loadtest1187@test.com,Password123!
loadtest1188@test.com,Password123!
loadtest1189@test.com,Password123!
loadtest1190@test.com,Password123!
loadtest1191@test.com,Password123!
loadtest1192@test.com,Password123!
loadtest1193@test.com,Password123!
loadtest1194@test.com,Password123!
loadtest1195@test.com,Password123!
loadtest1196@test.com,Password123!
loadtest1197@test.com,Password123!
loadtest1198@test.com,Password123!
loadtest1199@test.com,Password123!
loadtest1200@test.com,Password123!
loadtest1201@test.com,Password123!
loadtest1202@test.com,Password123!
loadtest1203@test.com,Password123!
loadtest1204@test.com,Password123!
loadtest1205@test.com,Password123!
loadtest1206@test.com,Password123!
loadtest1207@test.com,Password123!
loadtest1208@test.com,Password123!
loadtest1209@test.com,Password123!
loadtest1210@test.com,Password123!
loadtest1211@test.com,Password123!
loadtest1212@test.com,Password123!
loadtest1213@test.com,Password123!
loadtest1214@test.com,Password123!
loadtest1215@test.com,Password123!
loadtest1216@test.com,Password123!
loadtest1217@test.com,Password123!
loadtest1218@test.com,Password123!
loadtest1219@test.com,Password123!
loadtest1220@test.com,Password123!
loadtest1221@test.com,Password123!
loadtest1222@test.com,Password123!
loadtest1223@test.com,Password123!
loadtest1224@test.com,Password123!
loadtest1225@test.com,Password123!
loadtest1226@test.com,Password123!
loadtest1227@test.com,Password123!
loadtest1228@test.com,Password123!
loadtest1229@test.com,Password123!
loadtest1230@test.com,Password123!
loadtest1231@test.com,Password123!
loadtest1232@test.com,Password123!
loadtest1233@test.com,Password123!
loadtest1234@test.com,Password123!
loadtest1235@test.com,Password123!
loadtest1236@test.com,Password123!
loadtest1237@test.com,Password123!
loadtest1238@test.com,Password123!
loadtest1239@test.com,Password123!
loadtest1240@test.com,Password123!
loadtest1241@test.com,Password123!
loadtest1242@test.com,Password123!
loadtest1243@test.com,Password123!
loadtest1244@test.com,Password123!
loadtest1245@test.com,Password123!
loadtest1246@test.com,Password123!
loadtest1247@test.com,Password123!
loadtest1248@test.com,Password123!
loadtest1249@test.com,Password123!
loadtest1250@test.com,Password123!
loadtest1251@test.com,Password123!
loadtest1252@test.com,Password123!
loadtest1253@test.com,Password123!
loadtest1254@test.com,Password123!
loadtest1255@test.com,Password123!
loadtest1256@test.com,Password123!
loadtest1257@test.com,Password123!
loadtest1258@test.com,Password123!
loadtest1259@test.com,Password123!
loadtest1260@test.com,Password123!
loadtest1261@test.com,Password123!
loadtest1262@test.com,Password123!
loadtest1263@test.com,Password123!
loadtest1264@test.com,Password123!
loadtest1265@test.com,Password123!
loadtest1266@test.com,Password123!
loadtest1267@test.com,Password123!
loadtest1268@test.com,Password123!
loadtest1269@test.com,Password123!
loadtest1270@test.com,Password123!
loadtest1271@test.com,Password123!
loadtest1272@test.com,Password123!
loadtest1273@test.com,Password123!
loadtest1274@test.com,Password123!
loadtest1275@test.com,Password123!
loadtest1276@test.com,Password123!
loadtest1277@test.com,Password123!
loadtest1278@test.com,Password123!
loadtest1279@test.com,Password123!
loadtest1280@test.com,Password123!
loadtest1281@test.com,Password123!
loadtest1282@test.com,Password123!
loadtest1283@test.com,Password123!
loadtest1284@test.com,Password123!
loadtest1285@test.com,Password123!
loadtest1286@test.com,Password123!
loadtest1287@test.com,Password123!
loadtest1288@test.com,Password123!
loadtest1289@test.com,Password123!
loadtest1290@test.com,Password123!
loadtest1291@test.com,Password123!
loadtest1292@test.com,Password123!
loadtest1293@test.com,Password123!
loadtest1294@test.com,Password123!
loadtest1295@test.com,Password123!
loadtest1296@test.com,Password123!
loadtest1297@test.com,Password123!
loadtest1298@test.com,Password123!
loadtest1299@test.com,Password123!
loadtest1300@test.com,Password123!
loadtest1301@test.com,Password123!
loadtest1302@test.com,Password123!
loadtest1303@test.com,Password123!
loadtest1304@test.com,Password123!
loadtest1305@test.com,Password123!
loadtest1306@test.com,Password123!
loadtest1307@test.com,Password123!
loadtest1308@test.com,Password123!
loadtest1309@test.com,Password123!
loadtest1310@test.com,Password123!
loadtest1311@test.com,Password123!
loadtest1312@test.com,Password123!
loadtest1313@test.com,Password123!
loadtest1314@test.com,Password123!
loadtest1315@test.com,Password123!
loadtest1316@test.com,Password123!
loadtest1317@test.com,Password123!
loadtest1318@test.com,Password123!
loadtest1319@test.com,Password123!
loadtest1320@test.com,Password123!
loadtest1321@test.com,Password123!
loadtest1322@test.com,Password123!
loadtest1323@test.com,Password123!
loadtest1324@test.com,Password123!
loadtest1325@test.com,Password123!
loadtest1326@test.com,Password123!
loadtest1327@test.com,Password123!
loadtest1328@test.com,Password123!
loadtest1329@test.com,Password123!
loadtest1330@test.com,Password123!
loadtest1331@test.com,Password123!
loadtest1332@test.com,Password123!
loadtest1333@test.com,Password123!
loadtest1334@test.com,Password123!
loadtest1335@test.com,Password123!
loadtest1336@test.com,Password123!
loadtest1337@test.com,Password123!
loadtest1338@test.com,Password123!
loadtest1339@test.com,Password123!
loadtest1340@test.com,Password123!
loadtest1341@test.com,Password123!
loadtest1342@test.com,Password123!
loadtest1343@test.com,Password123!
loadtest1344@test.com,Password123!
loadtest1345@test.com,Password123!
loadtest1346@test.com,Password123!
loadtest1347@test.com,Password123!
loadtest1348@test.com,Password123!
loadtest1349@test.com,Password123!
loadtest1350@test.com,Password123!
loadtest1351@test.com,Password123!
loadtest1352@test.com,Password123!
loadtest1353@test.com,Password123!
loadtest1354@test.com,Password123!
loadtest1355@test.com,Password123!
loadtest1356@test.com,Password123!
loadtest1357@test.com,Password123!
loadtest1358@test.com,Password123!
loadtest1359@test.com,Password123!
loadtest1360@test.com,Password123!
loadtest1361@test.com,Password123!
loadtest1362@test.com,Password123!
loadtest1363@test.com,Password123!
loadtest1364@test.com,Password123!
loadtest1365@test.com,Password123!
loadtest1366@test.com,Password123!
loadtest1367@test.com,Password123!
loadtest1368@test.com,Password123!
loadtest1369@test.com,Password123!
loadtest1370@test.com,Password123!
loadtest1371@test.com,Password123!
loadtest1372@test.com,Password123!
loadtest1373@test.com,Password123!
loadtest1374@test.com,Password123!
loadtest1375@test.com,Password123!
loadtest1376@test.com,Password123!
loadtest1377@test.com,Password123!
loadtest1378@test.com,Password123!
loadtest1379@test.com,Password123!
loadtest1380@test.com,Password123!
loadtest1381@test.com,Password123!
loadtest1382@test.com,Password123!
loadtest1383@test.com,Password123!
loadtest1384@test.com,Password123!
loadtest1385@test.com,Password123!
loadtest1386@test.com,Password123!
loadtest1387@test.com,Password123!
loadtest1388@test.com,Password123!
loadtest1389@test.com,Password123!
loadtest1390@test.com,Password123!
loadtest1391@test.com,Password123!
loadtest1392@test.com,Password123!
loadtest1393@test.com,Password123!
loadtest1394@test.com,Password123!
loadtest1395@test.com,Password123!
loadtest1396@test.com,Password123!
loadtest1397@test.com,Password123!
loadtest1398@test.com,Password123!
loadtest1399@test.com,Password123!
loadtest1400@test.com,Password123!
loadtest1401@test.com,Password123!
loadtest1402@test.com,Password123!
loadtest1403@test.com,Password123!
loadtest1404@test.com,Password123!
loadtest1405@test.com,Password123!
loadtest1406@test.com,Password123!
loadtest1407@test.com,Password123!
loadtest1408@test.com,Password123!
loadtest1409@test.com,Password123!
loadtest1410@test.com,Password123!
loadtest1411@test.com,Password123!
loadtest1412@test.com,Password123!
loadtest1413@test.com,Password123!
loadtest1414@test.com,Password123!
loadtest1415@test.com,Password123!
loadtest1416@test.com,Password123!
loadtest1417@test.com,Password123!
loadtest1418@test.com,Password123!
loadtest1419@test.com,Password123!
loadtest1420@test.com,Password123!
loadtest1421@test.com,Password123!
loadtest1422@test.com,Password123!
loadtest1423@test.com,Password123!
loadtest1424@test.com,Password123!
loadtest1425@test.com,Password123!
loadtest1426@test.com,Password123!
loadtest1427@test.com,Password123!
loadtest1428@test.com,Password123!
loadtest1429@test.com,Password123!
loadtest1430@test.com,Password123!
loadtest1431@test.com,Password123!
loadtest1432@test.com,Password123!
loadtest1433@test.com,Password123!
loadtest1434@test.com,Password123!
loadtest1435@test.com,Password123!
loadtest1436@test.com,Password123!
loadtest1437@test.com,Password123!
loadtest1438@test.com,Password123!
loadtest1439@test.com,Password123!
loadtest1440@test.com,Password123!
loadtest1441@test.com,Password123!
loadtest1442@test.com,Password123!
loadtest1443@test.com,Password123!
loadtest1444@test.com,Password123!
loadtest1445@test.com,Password123!
loadtest1446@test.com,Password123!
loadtest1447@test.com,Password123!
loadtest1448@test.com,Password123!
loadtest1449@test.com,Password123!
loadtest1450@test.com,Password123!
loadtest1451@test.com,Password123!
loadtest1452@test.com,Password123!
loadtest1453@test.com,Password123!
loadtest1454@test.com,Password123!
loadtest1455@test.com,Password123!
loadtest1456@test.com,Password123!
loadtest1457@test.com,Password123!
loadtest1458@test.com,Password123!
loadtest1459@test.com,Password123!
loadtest1460@test.com,Password123!
loadtest1461@test.com,Password123!
loadtest1462@test.com,Password123!
loadtest1463@test.com,Password123!
loadtest1464@test.com,Password123!
loadtest1465@test.com,Password123!
loadtest1466@test.com,Password123!
loadtest1467@test.com,Password123!
loadtest1468@test.com,Password123!
loadtest1469@test.com,Password123!
loadtest1470@test.com,Password123!
loadtest1471@test.com,Password123!
loadtest1472@test.com,Password123!
loadtest1473@test.com,Password123!
loadtest1474@test.com,Password123!
loadtest1475@test.com,Password123!
loadtest1476@test.com,Password123!
loadtest1477@test.com,Password123!
loadtest1478@test.com,Password123!
loadtest1479@test.com,Password123!
loadtest1480@test.com,Password123!
loadtest1481@test.com,Password123!
loadtest1482@test.com,Password123!
loadtest1483@test.com,Password123!
loadtest1484@test.com,Password123!
loadtest1485@test.com,Password123!
loadtest1486@test.com,Password123!
loadtest1487@test.com,Password123!
loadtest1488@test.com,Password123!
loadtest1489@test.com,Password123!
loadtest1490@test.com,Password123!
loadtest1491@test.com,Password123!
loadtest1492@test.com,Password123!
loadtest1493@test.com,Password123!
loadtest1494@test.com,Password123!
loadtest1495@test.com,Password123!
loadtest1496@test.com,Password123!
loadtest1497@test.com,Password123!
loadtest1498@test.com,Password123!
loadtest1499@test.com,Password123!
loadtest1500@test.com,Password123!
loadtest1501@test.com,Password123!
loadtest1502@test.com,Password123!
loadtest1503@test.com,Password123!
loadtest1504@test.com,Password123!
loadtest1505@test.com,Password123!
loadtest1506@test.com,Password123!
loadtest1507@test.com,Password123!
loadtest1508@test.com,Password123!
loadtest1509@test.com,Password123!
loadtest1510@test.com,Password123!
loadtest1511@test.com,Password123!
loadtest1512@test.com,Password123!
loadtest1513@test.com,Password123!
loadtest1514@test.com,Password123!
loadtest1515@test.com,Password123!
loadtest1516@test.com,Password123!
loadtest1517@test.com,Password123!
loadtest1518@test.com,Password123!
loadtest1519@test.com,Password123!
loadtest1520@test.com,Password123!
loadtest1521@test.com,Password123!
loadtest1522@test.com,Password123!
loadtest1523@test.com,Password123!
loadtest1524@test.com,Password123!
loadtest1525@test.com,Password123!
loadtest1526@test.com,Password123!
loadtest1527@test.com,Password123!
loadtest1528@test.com,Password123!
loadtest1529@test.com,Password123!
loadtest1530@test.com,Password123!
loadtest1531@test.com,Password123!
loadtest1532@test.com,Password123!
loadtest1533@test.com,Password123!
loadtest1534@test.com,Password123!
loadtest1535@test.com,Password123!
loadtest1536@test.com,Password123!
loadtest1537@test.com,Password123!
loadtest1538@test.com,Password123!
loadtest1539@test.com,Password123!
loadtest1540@test.com,Password123!
loadtest1541@test.com,Password123!
loadtest1542@test.com,Password123!
loadtest1543@test.com,Password123!
loadtest1544@test.com,Password123!
loadtest1545@test.com,Password123!
loadtest1546@test.com,Password123!
loadtest1547@test.com,Password123!
loadtest1548@test.com,Password123!
loadtest1549@test.com,Password123!
loadtest1550@test.com,Password123!
loadtest1551@test.com,Password123!
loadtest1552@test.com,Password123!
loadtest1553@test.com,Password123!
loadtest1554@test.com,Password123!
loadtest1555@test.com,Password123!
loadtest1556@test.com,Password123!
loadtest1557@test.com,Password123!
loadtest1558@test.com,Password123!
loadtest1559@test.com,Password123!
loadtest1560@test.com,Password123!
loadtest1561@test.com,Password123!
loadtest1562@test.com,Password123!
loadtest1563@test.com,Password123!
loadtest1564@test.com,Password123!
loadtest1565@test.com,Password123!
loadtest1566@test.com,Password123!
loadtest1567@test.com,Password123!
loadtest1568@test.com,Password123!
loadtest1569@test.com,Password123!
loadtest1570@test.com,Password123!
loadtest1571@test.com,Password123!
loadtest1572@test.com,Password123!
loadtest1573@test.com,Password123!
loadtest1574@test.com,Password123!
loadtest1575@test.com,Password123!
loadtest1576@test.com,Password123!
loadtest1577@test.com,Password123!
loadtest1578@test.com,Password123!
loadtest1579@test.com,Password123!
loadtest1580@test.com,Password123!
loadtest1581@test.com,Password123!
loadtest1582@test.com,Password123!
loadtest1583@test.com,Password123!
loadtest1584@test.com,Password123!
loadtest1585@test.com,Password123!
loadtest1586@test.com,Password123!
loadtest1587@test.com,Password123!
loadtest1588@test.com,Password123!
loadtest1589@test.com,Password123!
loadtest1590@test.com,Password123!
loadtest1591@test.com,Password123!
loadtest1592@test.com,Password123!
loadtest1593@test.com,Password123!
loadtest1594@test.com,Password123!
loadtest1595@test.com,Password123!
loadtest1596@test.com,Password123!
loadtest1597@test.com,Password123!
loadtest1598@test.com,Password123!
loadtest1599@test.com,Password123!
loadtest1600@test.com,Password123!
loadtest1601@test.com,Password123!
loadtest1602@test.com,Password123!
loadtest1603@test.com,Password123!
loadtest1604@test.com,Password123!
loadtest1605@test.com,Password123!
loadtest1606@test.com,Password123!
loadtest1607@test.com,Password123!
loadtest1608@test.com,Password123!
loadtest1609@test.com,Password123!
loadtest1610@test.com,Password123!
loadtest1611@test.com,Password123!
loadtest1612@test.com,Password123!
loadtest1613@test.com,Password123!
loadtest1614@test.com,Password123!
loadtest1615@test.com,Password123!
loadtest1616@test.com,Password123!
loadtest1617@test.com,Password123!
loadtest1618@test.com,Password123!
loadtest1619@test.com,Password123!
loadtest1620@test.com,Password123!
loadtest1621@test.com,Password123!
loadtest1622@test.com,Password123!
loadtest1623@test.com,Password123!
loadtest1624@test.com,Password123!
loadtest1625@test.com,Password123!
loadtest1626@test.com,Password123!
loadtest1627@test.com,Password123!
loadtest1628@test.com,Password123!
loadtest1629@test.com,Password123!
loadtest1630@test.com,Password123!
loadtest1631@test.com,Password123!
loadtest1632@test.com,Password123!
loadtest1633@test.com,Password123!
loadtest1634@test.com,Password123!
loadtest1635@test.com,Password123!
loadtest1636@test.com,Password123!
loadtest1637@test.com,Password123!
loadtest1638@test.com,Password123!
loadtest1639@test.com,Password123!
loadtest1640@test.com,Password123!
loadtest1641@test.com,Password123!
loadtest1642@test.com,Password123!
loadtest1643@test.com,Password123!
loadtest1644@test.com,Password123!
loadtest1645@test.com,Password123!
loadtest1646@test.com,Password123!
loadtest1647@test.com,Password123!
loadtest1648@test.com,Password123!
loadtest1649@test.com,Password123!
loadtest1650@test.com,Password123!
loadtest1651@test.com,Password123!
loadtest1652@test.com,Password123!
loadtest1653@test.com,Password123!
loadtest1654@test.com,Password123!
loadtest1655@test.com,Password123!
loadtest1656@test.com,Password123!
loadtest1657@test.com,Password123!
loadtest1658@test.com,Password123!
loadtest1659@test.com,Password123!
loadtest1660@test.com,Password123!
loadtest1661@test.com,Password123!
loadtest1662@test.com,Password123!
loadtest1663@test.com,Password123!
loadtest1664@test.com,Password123!
loadtest1665@test.com,Password123!
loadtest1666@test.com,Password123!
loadtest1667@test.com,Password123!
loadtest1668@test.com,Password123!
loadtest1669@test.com,Password123!
loadtest1670@test.com,Password123!
loadtest1671@test.com,Password123!
loadtest1672@test.com,Password123!
loadtest1673@test.com,Password123!
loadtest1674@test.com,Password123!
loadtest1675@test.com,Password123!
loadtest1676@test.com,Password123!
loadtest1677@test.com,Password123!
loadtest1678@test.com,Password123!
loadtest1679@test.com,Password123!
loadtest1680@test.com,Password123!
loadtest1681@test.com,Password123!
loadtest1682@test.com,Password123!
loadtest1683@test.com,Password123!
loadtest1684@test.com,Password123!
loadtest1685@test.com,Password123!
loadtest1686@test.com,Password123!
loadtest1687@test.com,Password123!
loadtest1688@test.com,Password123!
loadtest1689@test.com,Password123!
loadtest1690@test.com,Password123!
loadtest1691@test.com,Password123!
loadtest1692@test.com,Password123!
loadtest1693@test.com,Password123!
loadtest1694@test.com,Password123!
loadtest1695@test.com,Password123!
loadtest1696@test.com,Password123!
loadtest1697@test.com,Password123!
loadtest1698@test.com,Password123!
loadtest1699@test.com,Password123!
loadtest1700@test.com,Password123!
loadtest1701@test.com,Password123!
loadtest1702@test.com,Password123!
loadtest1703@test.com,Password123!
loadtest1704@test.com,Password123!
loadtest1705@test.com,Password123!
loadtest1706@test.com,Password123!
loadtest1707@test.com,Password123!
loadtest1708@test.com,Password123!
loadtest1709@test.com,Password123!
loadtest1710@test.com,Password123!
loadtest1711@test.com,Password123!
loadtest1712@test.com,Password123!
loadtest1713@test.com,Password123!
loadtest1714@test.com,Password123!
loadtest1715@test.com,Password123!
loadtest1716@test.com,Password123!
loadtest1717@test.com,Password123!
loadtest1718@test.com,Password123!
loadtest1719@test.com,Password123!
loadtest1720@test.com,Password123!
loadtest1721@test.com,Password123!
loadtest1722@test.com,Password123!
loadtest1723@test.com,Password123!
loadtest1724@test.com,Password123!
loadtest1725@test.com,Password123!
loadtest1726@test.com,Password123!
loadtest1727@test.com,Password123!
loadtest1728@test.com,Password123!
loadtest1729@test.com,Password123!
loadtest1730@test.com,Password123!
loadtest1731@test.com,Password123!
loadtest1732@test.com,Password123!
loadtest1733@test.com,Password123!
loadtest1734@test.com,Password123!
loadtest1735@test.com,Password123!
loadtest1736@test.com,Password123!
loadtest1737@test.com,Password123!
loadtest1738@test.com,Password123!
loadtest1739@test.com,Password123!
loadtest1740@test.com,Password123!
loadtest1741@test.com,Password123!
loadtest1742@test.com,Password123!
loadtest1743@test.com,Password123!
loadtest1744@test.com,Password123!
loadtest1745@test.com,Password123!
loadtest1746@test.com,Password123!
loadtest1747@test.com,Password123!
loadtest1748@test.com,Password123!
loadtest1749@test.com,Password123!
loadtest1750@test.com,Password123!
loadtest1751@test.com,Password123!
loadtest1752@test.com,Password123!
loadtest1753@test.com,Password123!
loadtest1754@test.com,Password123!
loadtest1755@test.com,Password123!
loadtest1756@test.com,Password123!
loadtest1757@test.com,Password123!
loadtest1758@test.com,Password123!
loadtest1759@test.com,Password123!
loadtest1760@test.com,Password123!
loadtest1761@test.com,Password123!
loadtest1762@test.com,Password123!
loadtest1763@test.com,Password123!
loadtest1764@test.com,Password123!
loadtest1765@test.com,Password123!
loadtest1766@test.com,Password123!
loadtest1767@test.com,Password123!
loadtest1768@test.com,Password123!
loadtest1769@test.com,Password123!
loadtest1770@test.com,Password123!
loadtest1771@test.com,Password123!
loadtest1772@test.com,Password123!
loadtest1773@test.com,Password123!
loadtest1774@test.com,Password123!
loadtest1775@test.com,Password123!
loadtest1776@test.com,Password123!
loadtest1777@test.com,Password123!
loadtest1778@test.com,Password123!
loadtest1779@test.com,Password123!
loadtest1780@test.com,Password123!
loadtest1781@test.com,Password123!
loadtest1782@test.com,Password123!
loadtest1783@test.com,Password123!
loadtest1784@test.com,Password123!
loadtest1785@test.com,Password123!
loadtest1786@test.com,Password123!
loadtest1787@test.com,Password123!
loadtest1788@test.com,Password123!
loadtest1789@test.com,Password123!
loadtest1790@test.com,Password123!
loadtest1791@test.com,Password123!
loadtest1792@test.com,Password123!
loadtest1793@test.com,Password123!
loadtest1794@test.com,Password123!
loadtest1795@test.com,Password123!
loadtest1796@test.com,Password123!
loadtest1797@test.com,Password123!
loadtest1798@test.com,Password123!
loadtest1799@test.com,Password123!
loadtest1800@test.com,Password123!
loadtest1801@test.com,Password123!
loadtest1802@test.com,Password123!
loadtest1803@test.com,Password123!
loadtest1804@test.com,Password123!
loadtest1805@test.com,Password123!
loadtest1806@test.com,Password123!
loadtest1807@test.com,Password123!
loadtest1808@test.com,Password123!
loadtest1809@test.com,Password123!
loadtest1810@test.com,Password123!
loadtest1811@test.com,Password123!
loadtest1812@test.com,Password123!
loadtest1813@test.com,Password123!
loadtest1814@test.com,Password123!
loadtest1815@test.com,Password123!
loadtest1816@test.com,Password123!
loadtest1817@test.com,Password123!
loadtest1818@test.com,Password123!
loadtest1819@test.com,Password123!
loadtest1820@test.com,Password123!
loadtest1821@test.com,Password123!
loadtest1822@test.com,Password123!
loadtest1823@test.com,Password123!
loadtest1824@test.com,Password123!
loadtest1825@test.com,Password123!
loadtest1826@test.com,Password123!
loadtest1827@test.com,Password123!
loadtest1828@test.com,Password123!
loadtest1829@test.com,Password123!
loadtest1830@test.com,Password123!
loadtest1831@test.com,Password123!
loadtest1832@test.com,Password123!
loadtest1833@test.com,Password123!
loadtest1834@test.com,Password123!
loadtest1835@test.com,Password123!
loadtest1836@test.com,Password123!
loadtest1837@test.com,Password123!
loadtest1838@test.com,Password123!
loadtest1839@test.com,Password123!
loadtest1840@test.com,Password123!
loadtest1841@test.com,Password123!
loadtest1842@test.com,Password123!
loadtest1843@test.com,Password123!
loadtest1844@test.com,Password123!
loadtest1845@test.com,Password123!
loadtest1846@test.com,Password123!
loadtest1847@test.com,Password123!
loadtest1848@test.com,Password123!
loadtest1849@test.com,Password123!
loadtest1850@test.com,Password123!
loadtest1851@test.com,Password123!
loadtest1852@test.com,Password123!
loadtest1853@test.com,Password123!
loadtest1854@test.com,Password123!
loadtest1855@test.com,Password123!
loadtest1856@test.com,Password123!
loadtest1857@test.com,Password123!
loadtest1858@test.com,Password123!
loadtest1859@test.com,Password123!
loadtest1860@test.com,Password123!
loadtest1861@test.com,Password123!
loadtest1862@test.com,Password123!
loadtest1863@test.com,Password123!
loadtest1864@test.com,Password123!
loadtest1865@test.com,Password123!
loadtest1866@test.com,Password123!
loadtest1867@test.com,Password123!
loadtest1868@test.com,Password123!
loadtest1869@test.com,Password123!
loadtest1870@test.com,Password123!
loadtest1871@test.com,Password123!
loadtest1872@test.com,Password123!
loadtest1873@test.com,Password123!
loadtest1874@test.com,Password123!
loadtest1875@test.com,Password123!
loadtest1876@test.com,Password123!
loadtest1877@test.com,Password123!
loadtest1878@test.com,Password123!
loadtest1879@test.com,Password123!
loadtest1880@test.com,Password123!
loadtest1881@test.com,Password123!
loadtest1882@test.com,Password123!
loadtest1883@test.com,Password123!
loadtest1884@test.com,Password123!
loadtest1885@test.com,Password123!
loadtest1886@test.com,Password123!
loadtest1887@test.com,Password123!
loadtest1888@test.com,Password123!
loadtest1889@test.com,Password123!
loadtest1890@test.com,Password123!
loadtest1891@test.com,Password123!
loadtest1892@test.com,Password123!
loadtest1893@test.com,Password123!
loadtest1894@test.com,Password123!
loadtest1895@test.com,Password123!
loadtest1896@test.com,Password123!
loadtest1897@test.com,Password123!
loadtest1898@test.com,Password123!
loadtest1899@test.com,Password123!
loadtest1900@test.com,Password123!
loadtest1901@test.com,Password123!
loadtest1902@test.com,Password123!
loadtest1903@test.com,Password123!
loadtest1904@test.com,Password123!
loadtest1905@test.com,Password123!
loadtest1906@test.com,Password123!
loadtest1907@test.com,Password123!
loadtest1908@test.com,Password123!
loadtest1909@test.com,Password123!
loadtest1910@test.com,Password123!
loadtest1911@test.com,Password123!
loadtest1912@test.com,Password123!
loadtest1913@test.com,Password123!
loadtest1914@test.com,Password123!
loadtest1915@test.com,Password123!
loadtest1916@test.com,Password123!
loadtest1917@test.com,Password123!
loadtest1918@test.com,Password123!
loadtest1919@test.com,Password123!
loadtest1920@test.com,Password123!
loadtest1921@test.com,Password123!
loadtest1922@test.com,Password123!
loadtest1923@test.com,Password123!
loadtest1924@test.com,Password123!
loadtest1925@test.com,Password123!
loadtest1926@test.com,Password123!
loadtest1927@test.com,Password123!
loadtest1928@test.com,Password123!
loadtest1929@test.com,Password123!
loadtest1930@test.com,Password123!
loadtest1931@test.com,Password123!
loadtest1932@test.com,Password123!
loadtest1933@test.com,Password123!
loadtest1934@test.com,Password123!
loadtest1935@test.com,Password123!
loadtest1936@test.com,Password123!
loadtest1937@test.com,Password123!
loadtest1938@test.com,Password123!
loadtest1939@test.com,Password123!
loadtest1940@test.com,Password123!
loadtest1941@test.com,Password123!
loadtest1942@test.com,Password123!
loadtest1943@test.com,Password123!
loadtest1944@test.com,Password123!
loadtest1945@test.com,Password123!
loadtest1946@test.com,Password123!
loadtest1947@test.com,Password123!
loadtest1948@test.com,Password123!
loadtest1949@test.com,Password123!
loadtest1950@test.com,Password123!
loadtest1951@test.com,Password123!
loadtest1952@test.com,Password123!
loadtest1953@test.com,Password123!
loadtest1954@test.com,Password123!
loadtest1955@test.com,Password123!
loadtest1956@test.com,Password123!
loadtest1957@test.com,Password123!
loadtest1958@test.com,Password123!
loadtest1959@test.com,Password123!
loadtest1960@test.com,Password123!
loadtest1961@test.com,Password123!
loadtest1962@test.com,Password123!
loadtest1963@test.com,Password123!
loadtest1964@test.com,Password123!
loadtest1965@test.com,Password123!
loadtest1966@test.com,Password123!
loadtest1967@test.com,Password123!
loadtest1968@test.com,Password123!
loadtest1969@test.com,Password123!
loadtest1970@test.com,Password123!
loadtest1971@test.com,Password123!
loadtest1972@test.com,Password123!
loadtest1973@test.com,Password123!
loadtest1974@test.com,Password123!
loadtest1975@test.com,Password123!
loadtest1976@test.com,Password123!
loadtest1977@test.com,Password123!
loadtest1978@test.com,Password123!
loadtest1979@test.com,Password123!
loadtest1980@test.com,Password123!
loadtest1981@test.com,Password123!
loadtest1982@test.com,Password123!
loadtest1983@test.com,Password123!
loadtest1984@test.com,Password123!
loadtest1985@test.com,Password123!
loadtest1986@test.com,Password123!
loadtest1987@test.com,Password123!
loadtest1988@test.com,Password123!
loadtest1989@test.com,Password123!
loadtest1990@test.com,Password123!
loadtest1991@test.com,Password123!
loadtest1992@test.com,Password123!
loadtest1993@test.com,Password123!
loadtest1994@test.com,Password123!
loadtest1995@test.com,Password123!
loadtest1996@test.com,Password123!
loadtest1997@test.com,Password123!
loadtest1998@test.com,Password123!
loadtest1999@test.com,Password123!
loadtest2000@test.com,Password123!
